Title,Media URL,Pinterest board,Thumbnail,Description,Link,Publish date,Keywords
"Best Couples Vacations Under $2,000: How to Plan a Great Trip for Two","https://spicevacations.com/pins/guide-best-couples-vacations-under-2000.jpg","Romantic Getaways for Couples","","How to plan the best couples vacations under $2,000 total: destinations that fit the budget, a simple budgeting method and proven ways to stretch every dollar. Read the full guide on SpiceVacations.com.","https://spicevacations.com/guides/best-couples-vacations-under-2000/?utm_source=pinterest&utm_medium=social&utm_campaign=pins","","couples vacations under $2,000, affordable couples vacations, budget vacations for two"
"Best Weekend Getaways from New York: 14 Romantic Escapes for Couples","https://spicevacations.com/pins/guide-best-weekend-getaways-from-new-york.jpg","USA Romantic Getaways","","The best romantic weekend getaways from New York: the Hudson Valley, Catskills, Hamptons, Newport, Mystic, Cape May, the Berkshires and more, with travel times. Read the full guide on SpiceVacations.com.","https://spicevacations.com/guides/best-weekend-getaways-from-new-york/?utm_source=pinterest&utm_medium=social&utm_campaign=pins","","romantic weekend getaways from New York, couples trips from NYC, weekend trips from New York"
"Affordable Romantic Getaways: 15 Budget-Friendly Trips for Two","https://spicevacations.com/pins/guide-affordable-romantic-getaways.jpg","Romantic Getaways for Couples","","Affordable romantic getaways that still feel special: 15 budget-friendly destinations for couples plus proven ways to save on lodging, flights and food. Read the full guide on SpiceVacations.com.","https://spicevacations.com/guides/affordable-romantic-getaways/?utm_source=pinterest&utm_medium=social&utm_campaign=pins","","affordable romantic getaways, cheap romantic vacations, budget couples getaways"
"All-Inclusive Resorts: The Complete Guide to What's Included and How to Choose","https://spicevacations.com/pins/guide-all-inclusive-resorts-guide.jpg","All-Inclusive & Adults-Only Resorts","","All inclusive resorts explained: what is included, hidden extras, pros and cons, how to compare resorts, and whether all-inclusive is worth it for you. Read the full guide on SpiceVacations.com.","https://spicevacations.com/guides/all-inclusive-resorts-guide/?utm_source=pinterest&utm_medium=social&utm_campaign=pins","","all inclusive resorts, best all inclusive resorts, affordable all inclusive resorts"
"All-Inclusive Vacation Deals: When and How to Book for Real Value","https://spicevacations.com/pins/guide-all-inclusive-vacation-deals.jpg","All-Inclusive & Adults-Only Resorts","","How to find real all-inclusive vacation deals: the best months, destinations with the most value, package vs. separate booking, and the fees to watch for. Read the full guide on SpiceVacations.com.","https://spicevacations.com/guides/all-inclusive-vacation-deals/?utm_source=pinterest&utm_medium=social&utm_campaign=pins","","all inclusive vacation deals, cheap all inclusive vacations, couples vacation deals"
"All-Inclusive Vacations for Couples: Where to Go and How to Choose","https://spicevacations.com/pins/guide-all-inclusive-vacations-for-couples.jpg","All-Inclusive & Adults-Only Resorts","","Plan all-inclusive vacations for couples: the best destinations, adults-only vs. couples-only resorts, what is included and how to pick the right resort. Read the full guide on SpiceVacations.com.","https://spicevacations.com/guides/all-inclusive-vacations-for-couples/?utm_source=pinterest&utm_medium=social&utm_campaign=pins","","all inclusive vacations for couples, all inclusive couples resorts, adults only all inclusive"
"Best Adults-Only Resorts in Mexico: Top Picks for Couples","https://spicevacations.com/pins/guide-best-adults-only-resorts-in-mexico.jpg","All-Inclusive & Adults-Only Resorts","","The best adults-only resorts in Mexico for couples, from Playa Mujeres and the Riviera Maya to Cancun and Los Cabos, compared by vibe, beach, dining and style. Read the full guide on SpiceVacations.com.","https://spicevacations.com/guides/best-adults-only-resorts-in-mexico/?utm_source=pinterest&utm_medium=social&utm_campaign=pins","","best resorts in Mexico for couples, adults only Mexico resorts, luxury Mexico resorts, best adults-only resorts in Mexico"
"Best Adults-Only Resorts: 16 Grown-Up Escapes for Couples","https://spicevacations.com/pins/guide-best-adults-only-resorts.jpg","All-Inclusive & Adults-Only Resorts","","The best adults-only resorts in Mexico, the Caribbean, Hawaii, Florida and California, from lively all-inclusives to serene hideaways, and how to choose one. Read the full guide on SpiceVacations.com.","https://spicevacations.com/guides/best-adults-only-resorts/?utm_source=pinterest&utm_medium=social&utm_campaign=pins","","best adults only resorts, adults only resorts, adults only vacations, luxury adults only resorts, affordable adults only resorts"
"Best All-Inclusive Resorts for Couples: 12 Romantic Picks","https://spicevacations.com/pins/guide-best-all-inclusive-resorts-for-couples.jpg","All-Inclusive & Adults-Only Resorts","","The best all-inclusive resorts for couples in Mexico, Jamaica, the Bahamas, the Dominican Republic and Antigua, compared by vibe, beach, dining and fit. Read the full guide on SpiceVacations.com.","https://spicevacations.com/guides/best-all-inclusive-resorts-for-couples/?utm_source=pinterest&utm_medium=social&utm_campaign=pins","","best all inclusive resorts for couples, romantic all inclusive resorts, couples resorts"
"Best Beach Vacations in the Caribbean: 14 Beaches for Couples","https://spicevacations.com/pins/guide-best-beach-vacations-in-the-caribbean.jpg","Beach Vacations for Couples","","The best beach vacations in the Caribbean for couples: Grace Bay, Eagle Beach, Seven Mile Beach, Pink Sands and more, with seasons, passports and resort picks. Read the full guide on SpiceVacations.com.","https://spicevacations.com/guides/best-beach-vacations-in-the-caribbean/?utm_source=pinterest&utm_medium=social&utm_campaign=pins","","best beach vacations in the Caribbean, Caribbean beach destinations, best Caribbean beaches for couples"
"Best Beach Vacations in the USA: 16 Beaches for Couples","https://spicevacations.com/pins/guide-best-beach-vacations-in-the-usa.jpg","Beach Vacations for Couples","","The best beach vacations in the USA for couples, from Hawaii and the Florida Keys to California, the Carolinas and New England, with seasons and where to stay. Read the full guide on SpiceVacations.com.","https://spicevacations.com/guides/best-beach-vacations-in-the-usa/?utm_source=pinterest&utm_medium=social&utm_campaign=pins","","best beach vacations in USA, U.S. beach destinations, best beaches for couples"
"Best Beach Vacations: 15 Beaches Worth the Trip for Couples","https://spicevacations.com/pins/guide-best-beach-vacations.jpg","Beach Vacations for Couples","","The best beach vacations for couples in the USA, Mexico and the Caribbean, compared by water, sand, season and vibe, with tips for choosing the right shoreline. Read the full guide on SpiceVacations.com.","https://spicevacations.com/guides/best-beach-vacations/?utm_source=pinterest&utm_medium=social&utm_campaign=pins","","beach vacations, best beach vacations, affordable beach vacations"
"Best Couples Vacations: 15 Trips Worth Taking Together","https://spicevacations.com/pins/guide-best-couples-vacations.jpg","Romantic Getaways for Couples","","The best couples vacations for every style: island escapes, adults-only resorts, wine country and city breaks, with when to go and how to choose the right trip. Read the full guide on SpiceVacations.com.","https://spicevacations.com/guides/best-couples-vacations/?utm_source=pinterest&utm_medium=social&utm_campaign=pins","","couples vacations, best couples vacations, couples vacation ideas, affordable couples vacations"
"Best Honeymoon Resorts: 12 Romantic Stays in Hawaii, Mexico and the Caribbean","https://spicevacations.com/pins/guide-best-honeymoon-resorts.jpg","Honeymoon Destinations & Resorts","","The best honeymoon resorts for U.S. couples: private plunge pools, open-air suites and adults-only hideaways in Hawaii, Mexico, the Caribbean and California. Read the full guide on SpiceVacations.com.","https://spicevacations.com/guides/best-honeymoon-resorts/?utm_source=pinterest&utm_medium=social&utm_campaign=pins","","honeymoon resorts, best honeymoon resorts, luxury honeymoon resorts"
"Best Romantic Getaways in Florida: 12 Escapes for Couples","https://spicevacations.com/pins/guide-best-romantic-getaways-in-florida.jpg","USA Romantic Getaways","","The 12 best romantic getaways in Florida, from Key West sunsets and private islands to Gulf Coast beaches, with when to go and where couples should stay. Read the full guide on SpiceVacations.com.","https://spicevacations.com/guides/best-romantic-getaways-in-florida/?utm_source=pinterest&utm_medium=social&utm_campaign=pins","","Florida romantic getaways, romantic getaways Florida, couples resorts Florida, romantic Florida vacations"
"Best Vacation Spots for Couples: Where to Go by Travel Style","https://spicevacations.com/pins/guide-best-vacation-spots-for-couples.jpg","Romantic Getaways for Couples","","The best vacation spots for couples, matched to your style: beach lovers, foodies, adventurers, night owls and honeymooners, with seasons and planning tips. Read the full guide on SpiceVacations.com.","https://spicevacations.com/guides/best-vacation-spots-for-couples/?utm_source=pinterest&utm_medium=social&utm_campaign=pins","","best vacation spots for couples, best couples destinations, romantic places for couples"
"Caribbean Vacations for Couples: How to Choose the Right Island","https://spicevacations.com/pins/guide-caribbean-vacations-for-couples.jpg","Mexico & Caribbean Vacations","","Caribbean vacations for couples: compare St. Lucia, Jamaica, the Bahamas, Turks and Caicos, Aruba, Antigua, the DR and Puerto Rico by vibe, season and budget. Read the full guide on SpiceVacations.com.","https://spicevacations.com/guides/caribbean-vacations-for-couples/?utm_source=pinterest&utm_medium=social&utm_campaign=pins","","Caribbean vacations for couples, romantic Caribbean resorts, Caribbean all inclusive"
"Cheap Vacation Destinations: 18 Affordable Places to Travel as a Couple","https://spicevacations.com/pins/guide-cheap-vacation-destinations.jpg","Romantic Getaways for Couples","","Cheap vacation destinations for couples in the U.S., Mexico and the Caribbean, with why each is affordable, the best time to go and tips to keep costs down. Read the full guide on SpiceVacations.com.","https://spicevacations.com/guides/cheap-vacation-destinations/?utm_source=pinterest&utm_medium=social&utm_campaign=pins","","cheap vacation destinations, affordable vacation destinations, cheap places to travel"
"Florida Weekend Getaways: 12 Romantic Two-Night Escapes","https://spicevacations.com/pins/guide-florida-weekend-getaways.jpg","USA Romantic Getaways","","Florida weekend getaways for couples: Keys sunsets, Gulf Coast beaches, Palm Beach glamour, historic St. Augustine and more, with easy two-night itineraries. Read the full guide on SpiceVacations.com.","https://spicevacations.com/guides/florida-weekend-getaways/?utm_source=pinterest&utm_medium=social&utm_campaign=pins","","Florida weekend getaways, weekend trips Florida, romantic Florida vacations"
"Hawaii Couples Vacation: Choosing an Island, Where to Stay and What to Do","https://spicevacations.com/pins/guide-hawaii-couples-vacation.jpg","USA Romantic Getaways","","Plan a Hawaii couples vacation: how to choose between Maui, Kauai, Oahu, Hawaii Island and Lanai, romantic resorts, experiences and a 10-day itinerary. Read the full guide on SpiceVacations.com.","https://spicevacations.com/guides/hawaii-couples-vacation/?utm_source=pinterest&utm_medium=social&utm_campaign=pins","","Hawaii couples vacation, romantic Hawaii vacation, Hawaii resorts for couples"
"Honeymoon Destinations: 14 Places to Start Married Life in Style","https://spicevacations.com/pins/guide-honeymoon-destinations.jpg","Honeymoon Destinations & Resorts","","The best honeymoon destinations for U.S. couples, from Maui and St. Lucia to Mexico and Bora Bora, plus affordable honeymoon ideas, timing and planning tips. Read the full guide on SpiceVacations.com.","https://spicevacations.com/guides/honeymoon-destinations/?utm_source=pinterest&utm_medium=social&utm_campaign=pins","","honeymoon destinations, best honeymoon destinations, affordable honeymoon destinations"
"How to Find Vacation Deals: 17 Proven Strategies for Couples","https://spicevacations.com/pins/guide-how-to-find-vacation-deals.jpg","Romantic Getaways for Couples","","How to find real vacation deals: shoulder seasons, flexible dates, price alerts, points and package tricks, plus how to spot fake urgency and hidden fees. Read the full guide on SpiceVacations.com.","https://spicevacations.com/guides/how-to-find-vacation-deals/?utm_source=pinterest&utm_medium=social&utm_campaign=pins","","vacation deals, best vacation deals, cheap vacation packages"
"Las Vegas Couples Vacation: Romantic Things to Do Beyond the Casinos","https://spicevacations.com/pins/guide-las-vegas-couples-vacation.jpg","USA Romantic Getaways","","Plan a Las Vegas couples vacation: romantic shows, dinners with a view, spas, desert day trips and the best resorts for couples, plus a three-day itinerary. Read the full guide on SpiceVacations.com.","https://spicevacations.com/guides/las-vegas-couples-vacation/?utm_source=pinterest&utm_medium=social&utm_campaign=pins","","Las Vegas couples vacation, romantic Las Vegas getaway, Las Vegas resorts for couples"
"Luxury Resorts for Couples: 14 Romantic Splurges","https://spicevacations.com/pins/guide-luxury-resorts-for-couples.jpg","Romantic Getaways for Couples","","The best luxury resorts for couples: Piton-view sanctuaries, clifftop retreats, private islands and adults-only hideaways in Hawaii, the Caribbean and Big Sur. Read the full guide on SpiceVacations.com.","https://spicevacations.com/guides/luxury-resorts-for-couples/?utm_source=pinterest&utm_medium=social&utm_campaign=pins","","luxury resorts for couples, romantic luxury resorts, luxury adults only resorts"
"Luxury Vacations for Couples: Where a Splurge Is Truly Worth It","https://spicevacations.com/pins/guide-luxury-vacations.jpg","Romantic Getaways for Couples","","Luxury vacations for couples that deliver real value: iconic settings, exceptional service and private spaces in Hawaii, the Caribbean, California and beyond. Read the full guide on SpiceVacations.com.","https://spicevacations.com/guides/luxury-vacations/?utm_source=pinterest&utm_medium=social&utm_campaign=pins","","luxury vacations, luxury vacation destinations, affordable luxury vacations"
"Mexico Vacations for Couples: Cancun, Tulum, Cabo and Beyond","https://spicevacations.com/pins/guide-mexico-vacations-for-couples.jpg","Mexico & Caribbean Vacations","","Mexico vacations for couples: compare Cancun, Playa Mujeres, the Riviera Maya, Tulum, Los Cabos, Puerto Vallarta and Mexico City, with resorts and timing tips. Read the full guide on SpiceVacations.com.","https://spicevacations.com/guides/mexico-vacations-for-couples/?utm_source=pinterest&utm_medium=social&utm_campaign=pins","","Mexico vacations for couples, romantic Mexico resorts, Mexico all inclusive couples"
"Miami Romantic Getaways: A Couple's Guide to Beaches, Food and Nights Out","https://spicevacations.com/pins/guide-miami-romantic-getaways.jpg","USA Romantic Getaways","","Plan Miami romantic getaways: the best neighborhoods for couples, romantic hotels, beaches, restaurants, nightlife and a three-day itinerary for two. Read the full guide on SpiceVacations.com.","https://spicevacations.com/guides/miami-romantic-getaways/?utm_source=pinterest&utm_medium=social&utm_campaign=pins","","Miami romantic getaways, couples resorts Miami, romantic hotels Miami"
"Romantic Getaways in the USA: 14 No-Passport Escapes","https://spicevacations.com/pins/guide-romantic-getaways-in-the-usa.jpg","USA Romantic Getaways","","The best romantic getaways in the USA, from Hawaii and the Florida Keys to Napa, Big Sur, Sedona and Charleston: where to go, when, and where to stay. Read the full guide on SpiceVacations.com.","https://spicevacations.com/guides/romantic-getaways-in-the-usa/?utm_source=pinterest&utm_medium=social&utm_campaign=pins","","romantic getaways in USA, romantic weekend trips USA, romantic destinations USA"
"Weekend Getaways for Couples: 20 Easy Romantic Escapes","https://spicevacations.com/pins/guide-weekend-getaways-for-couples.jpg","USA Romantic Getaways","","20 weekend getaways for couples across the U.S., plus how to plan a two-night escape that feels like a real vacation. Drive-to ideas, short flights and tips. Read the full guide on SpiceVacations.com.","https://spicevacations.com/guides/weekend-getaways-for-couples/?utm_source=pinterest&utm_medium=social&utm_campaign=pins","","weekend getaways for couples, romantic weekend getaways, cheap weekend getaways for couples, romantic weekend trips"
"Florida for Couples: Where to Stay, When to Go & What to Do","https://spicevacations.com/pins/destination-florida.jpg","USA Romantic Getaways","","Sunset cocktails, island hideaways and 1,000+ miles of coastline. Florida packs Keys sunsets, powder-soft Gulf beaches, historic Atlantic resorts and island hideaways into one easy, passport-free trip. It is the most versatile romantic getaway in the continental U.S. Read the full guide on SpiceVacations.com.","https://spicevacations.com/destinations/florida/?utm_source=pinterest&utm_medium=social&utm_campaign=pins","","Florida couples vacation, Florida romantic getaway, Florida resorts for couples, best time to visit Florida"
"Hawaii for Couples: Where to Stay, When to Go & What to Do","https://spicevacations.com/pins/destination-hawaii.jpg","USA Romantic Getaways","","Volcanoes, waterfalls and sunsets you'll talk about for years. Hawaii combines dramatic volcanic landscapes, warm water and polished resorts without leaving the U.S. Each island has its own personality, from Maui's resort coast to Kauai's wild cliffs and the Big Island's lava fields. Read the full guide on SpiceVacations.com.","https://spicevacations.com/destinations/hawaii/?utm_source=pinterest&utm_medium=social&utm_campaign=pins","","Hawaii couples vacation, Hawaii romantic getaway, Hawaii resorts for couples, best time to visit Hawaii"
"Mexico for Couples: Where to Stay, When to Go & What to Do","https://spicevacations.com/pins/destination-mexico.jpg","Mexico & Caribbean Vacations","","Turquoise Caribbean coast, Pacific sunsets and the best adults-only resorts in the hemisphere. Mexico is America's favorite couples destination for good reason, with short flights, adults-only all-inclusive resorts, cenotes, Mayan ruins and dramatic Pacific coastlines in Los Cabos and Puerto Vallarta. Read the full guide on SpiceVacations.com.","https://spicevacations.com/destinations/mexico/?utm_source=pinterest&utm_medium=social&utm_campaign=pins","","Mexico couples vacation, Mexico romantic getaway, Mexico resorts for couples, best time to visit Mexico"
"Las Vegas for Couples: Where to Stay, When to Go & What to Do","https://spicevacations.com/pins/destination-las-vegas.jpg","USA Romantic Getaways","","World-class shows, desert sunsets and suites with a view of the Strip. Las Vegas is more than casinos. Couples come for headline shows, celebrity-chef dinners, spa days and red-rock desert landscapes just outside the city, all within an easy flight for most Americans. Read the full guide on SpiceVacations.com.","https://spicevacations.com/destinations/las-vegas/?utm_source=pinterest&utm_medium=social&utm_campaign=pins","","Las Vegas couples vacation, Las Vegas romantic getaway, Las Vegas resorts for couples, best time to visit Las Vegas"
"California for Couples: Where to Stay, When to Go & What to Do","https://spicevacations.com/pins/destination-california.jpg","USA Romantic Getaways","","Cliffside drives, wine country and golden Pacific sunsets. California offers some of America's most romantic scenery, from the cliffs of Big Sur to Napa Valley vineyards and Southern California beach towns. It is ideal for road trips and wine-country weekends. Read the full guide on SpiceVacations.com.","https://spicevacations.com/destinations/california/?utm_source=pinterest&utm_medium=social&utm_campaign=pins","","California couples vacation, California romantic getaway, California resorts for couples, best time to visit California"
"Miami for Couples: Where to Stay, When to Go & What to Do","https://spicevacations.com/pins/destination-miami.jpg","USA Romantic Getaways","","Art Deco nights, Latin flavor and beaches that glow at sunrise. Miami blends beach days, Art Deco architecture, Latin American culture and a buzzing restaurant scene. It is an easy, passport-free romantic getaway with warm weather through winter. Read the full guide on SpiceVacations.com.","https://spicevacations.com/destinations/miami/?utm_source=pinterest&utm_medium=social&utm_campaign=pins","","Miami couples vacation, Miami romantic getaway, Miami resorts for couples, best time to visit Miami"
"New York for Couples: Where to Stay, When to Go & What to Do","https://spicevacations.com/pins/destination-new-york.jpg","USA Romantic Getaways","","Skyline views, Broadway nights and weekend escapes just a drive away. New York City is one of the world's great romantic cities, and it is also the perfect base for weekend getaways to the Hudson Valley, the Catskills, Long Island's East End and New England. Read the full guide on SpiceVacations.com.","https://spicevacations.com/destinations/new-york/?utm_source=pinterest&utm_medium=social&utm_campaign=pins","","New York couples vacation, New York romantic getaway, New York resorts for couples, best time to visit New York"
"Orlando for Couples: Where to Stay, When to Go & What to Do","https://spicevacations.com/pins/destination-orlando.jpg","USA Romantic Getaways","","Theme park magic for grown-ups, plus springs, lakes and charming Winter Park. Orlando is famous for theme parks, but couples can pair park days with spa resorts, EPCOT's food festivals, boat rides in Winter Park and swims in Central Florida's crystal-clear springs. Read the full guide on SpiceVacations.com.","https://spicevacations.com/destinations/orlando/?utm_source=pinterest&utm_medium=social&utm_campaign=pins","","Orlando couples vacation, Orlando romantic getaway, Orlando resorts for couples, best time to visit Orlando"
"Caribbean for Couples: Where to Stay, When to Go & What to Do","https://spicevacations.com/pins/destination-caribbean.jpg","Mexico & Caribbean Vacations","","Island-hop from the Pitons of St. Lucia to Grace Bay's powdery sand. The Caribbean offers dozens of islands, each with a distinct personality. Couples can choose volcanic peaks and rainforest in St. Lucia, calm turquoise water in Turks and Caicos, or dry, breezy beaches in Aruba. Read the full guide on SpiceVacations.com.","https://spicevacations.com/destinations/caribbean/?utm_source=pinterest&utm_medium=social&utm_campaign=pins","","Caribbean couples vacation, Caribbean romantic getaway, Caribbean resorts for couples, best time to visit Caribbean"
"Bahamas for Couples: Where to Stay, When to Go & What to Do","https://spicevacations.com/pins/destination-bahamas.jpg","Mexico & Caribbean Vacations","","Turquoise water and pink-sand beaches, a short hop from Florida. The Bahamas combine short flights from the U.S. with some of the clearest water on Earth. Stay at a Cable Beach resort near Nassau or island-hop to the Exumas and Harbour Island for quieter romance. Read the full guide on SpiceVacations.com.","https://spicevacations.com/destinations/bahamas/?utm_source=pinterest&utm_medium=social&utm_campaign=pins","","Bahamas couples vacation, Bahamas romantic getaway, Bahamas resorts for couples, best time to visit Bahamas"
"Jamaica for Couples: Where to Stay, When to Go & What to Do","https://spicevacations.com/pins/destination-jamaica.jpg","Mexico & Caribbean Vacations","","Reggae rhythms, cliffside sunsets and the home of couples-only resorts. Jamaica pioneered couples-only all-inclusive resorts and pairs them with legendary sunsets in Negril, waterfalls near Ocho Rios, Blue Mountain coffee and a music culture known around the world. Read the full guide on SpiceVacations.com.","https://spicevacations.com/destinations/jamaica/?utm_source=pinterest&utm_medium=social&utm_campaign=pins","","Jamaica couples vacation, Jamaica romantic getaway, Jamaica resorts for couples, best time to visit Jamaica"
"Dominican Republic for Couples: Where to Stay, When to Go & What to Do","https://spicevacations.com/pins/destination-dominican-republic.jpg","Mexico & Caribbean Vacations","","Endless palm-lined beaches and excellent all-inclusive value. The Dominican Republic is one of the Caribbean's best values for all-inclusive beach vacations. Punta Cana's long palm-lined beaches, Samaná's winter whales and Santo Domingo's history make it a strong choice for couples. Read the full guide on SpiceVacations.com.","https://spicevacations.com/destinations/dominican-republic/?utm_source=pinterest&utm_medium=social&utm_campaign=pins","","Dominican Republic couples vacation, Dominican Republic romantic getaway, Dominican Republic resorts for couples, best time to visit Dominican Republic"
"Romantic Getaway Ideas for Couples: Resorts, Destinations & Tips","https://spicevacations.com/pins/type-romantic-getaways.jpg","Romantic Getaways for Couples","","Trips designed around the two of you, from quick weekends to week-long escapes. Romantic getaways are trips built for connection rather than checklists. Browse beach escapes, wine country weekends, adults-only resorts and city breaks chosen for privacy, beauty and time together. Explore resorts, destinations and planning tips on SpiceVacations.com.","https://spicevacations.com/vacation-types/romantic-getaways/?utm_source=pinterest&utm_medium=social&utm_campaign=pins","","romantic getaways, romantic getaways for couples, romantic getaways ideas"
"Couples Vacation Ideas: Resorts, Destinations & Tips","https://spicevacations.com/pins/type-couples-vacations.jpg","Romantic Getaways for Couples","","Vacations for two that balance adventure, rest and time together. Couples vacations should fit both of you. Compare all-inclusive resorts, active adventures, food-focused city trips and relaxed beach weeks, with advice on budgets, timing and planning together. Explore resorts, destinations and planning tips on SpiceVacations.com.","https://spicevacations.com/vacation-types/couples-vacations/?utm_source=pinterest&utm_medium=social&utm_campaign=pins","","couples vacations, couples vacations for couples, couples vacations ideas"
"Honeymoon Vacation Ideas for Couples: Resorts, Destinations & Tips","https://spicevacations.com/pins/type-honeymoon-vacations.jpg","Honeymoon Destinations & Resorts","","Your first trip as newlyweds, planned to feel effortless. Honeymoon vacations deserve extra care. Compare honeymoon destinations and resorts, learn when to travel, and see how to plan a trip that balances relaxation, romance and a few unforgettable experiences. Explore resorts, destinations and planning tips on SpiceVacations.com.","https://spicevacations.com/vacation-types/honeymoon-vacations/?utm_source=pinterest&utm_medium=social&utm_campaign=pins","","honeymoon vacations, honeymoon vacations for couples, honeymoon vacations ideas"
"Adults-Only Resort Ideas for Couples: Resorts, Destinations & Tips","https://spicevacations.com/pins/type-adults-only-resorts.jpg","All-Inclusive & Adults-Only Resorts","","Quiet pools, grown-up dining and room to actually relax. Adults-only resorts set a minimum guest age so pools, restaurants and beaches stay calm. Explore the best adults-only resorts for couples and learn what to check before you book. Explore resorts, destinations and planning tips on SpiceVacations.com.","https://spicevacations.com/vacation-types/adults-only-resorts/?utm_source=pinterest&utm_medium=social&utm_campaign=pins","","adults-only resorts, adults-only resorts for couples, adults-only resorts ideas"
"All-Inclusive Resort Ideas for Couples: Resorts, Destinations & Tips","https://spicevacations.com/pins/type-all-inclusive-resorts.jpg","All-Inclusive & Adults-Only Resorts","","Meals, drinks and many activities covered, so you can switch off. All-inclusive resorts bundle your room, meals, drinks and many activities into one rate. Compare the best all-inclusive resorts for couples and learn what is usually included and what costs extra. Explore resorts, destinations and planning tips on SpiceVacations.com.","https://spicevacations.com/vacation-types/all-inclusive-resorts/?utm_source=pinterest&utm_medium=social&utm_campaign=pins","","all-inclusive resorts, all-inclusive resorts for couples, all-inclusive resorts ideas"
"Luxury Vacation Ideas for Couples: Resorts, Destinations & Tips","https://spicevacations.com/pins/type-luxury-vacations.jpg","Romantic Getaways for Couples","","Where exceptional service, design and settings are worth the splurge. Luxury vacations are about exceptional settings, thoughtful service and space. Explore luxury destinations and resorts for couples, and learn how to decide where a splurge truly pays off. Explore resorts, destinations and planning tips on SpiceVacations.com.","https://spicevacations.com/vacation-types/luxury-vacations/?utm_source=pinterest&utm_medium=social&utm_campaign=pins","","luxury vacations, luxury vacations for couples, luxury vacations ideas"
"Beach Vacation Ideas for Couples: Resorts, Destinations & Tips","https://spicevacations.com/pins/type-beach-vacations.jpg","Beach Vacations for Couples","","Warm water, soft sand and long sunsets, from Florida to the Caribbean. Beach vacations are the classic way to reset. Compare the best beaches in Florida, Hawaii, Mexico and the Caribbean by season, water conditions and budget, and find the right shoreline for you. Explore resorts, destinations and planning tips on SpiceVacations.com.","https://spicevacations.com/vacation-types/beach-vacations/?utm_source=pinterest&utm_medium=social&utm_campaign=pins","","beach vacations, beach vacations for couples, beach vacations ideas"
"Weekend Getaway Ideas for Couples: Resorts, Destinations & Tips","https://spicevacations.com/pins/type-weekend-getaways.jpg","USA Romantic Getaways","","Two or three nights, easy logistics, a real reset. Weekend getaways work best when travel time is short and plans are simple. Find drive-to and short-flight escapes for couples, from Hudson Valley inns to Florida Keys sunsets. Explore resorts, destinations and planning tips on SpiceVacations.com.","https://spicevacations.com/vacation-types/weekend-getaways/?utm_source=pinterest&utm_medium=social&utm_campaign=pins","","weekend getaways, weekend getaways for couples, weekend getaways ideas"
"Cruise Vacation Ideas for Couples: Resorts, Destinations & Tips","https://spicevacations.com/pins/type-cruise-vacations.jpg","Couples Travel Tips & Deals","","Unpack once and wake up somewhere new. Cruise vacations let couples see several islands while unpacking once. Learn how cruises from Florida to the Bahamas and Caribbean work, what fares include, and how to choose a ship and cabin. Explore resorts, destinations and planning tips on SpiceVacations.com.","https://spicevacations.com/vacation-types/cruise-vacations/?utm_source=pinterest&utm_medium=social&utm_campaign=pins","","cruise vacations, cruise vacations for couples, cruise vacations ideas"
