keyword,hub,status,slug,notes
how to brew loose leaf tea,brewing,published,how-to-brew-loose-leaf-tea,
how much tea per cup,brewing,published,how-much-tea-per-cup,
water temperature for green tea,brewing,published,water-temperature-for-green-tea,
how to make iced tea,brewing,published,how-to-make-iced-tea,
how to store loose leaf tea,brewing,published,how-to-store-loose-leaf-tea,
loose leaf tea vs tea bags,brewing,published,loose-leaf-tea-vs-tea-bags,
how to make chai at home,chai-black-tea,published,how-to-make-chai-at-home,
masala chai vs chai latte,chai-black-tea,published,masala-chai-vs-chai-latte,
Earl Grey tea benefits and taste,chai-black-tea,published,earl-grey-tea,
Assam vs Darjeeling tea,chai-black-tea,published,assam-vs-darjeeling-tea,
how to make matcha latte,green-tea-matcha,published,how-to-make-matcha-latte,
matcha vs green tea,green-tea-matcha,published,matcha-vs-green-tea,
best matcha for beginners,green-tea-matcha,published,best-matcha-for-beginners,
jasmine tea vs green tea,green-tea-matcha,published,jasmine-tea-vs-green-tea,
what is kahwa tea,green-tea-matcha,published,what-is-kahwa-tea,
caffeine-free tea list,herbal-tea,published,caffeine-free-tea-list,
best tea for sleep,herbal-tea,published,best-tea-for-sleep,
tea for digestion,herbal-tea,published,tea-for-digestion,
how much caffeine in tea vs coffee,tea-wellness,published,how-much-caffeine-in-tea-vs-coffee,
is it safe to drink tea every day,tea-wellness,published,is-it-safe-to-drink-tea-every-day,
best electric kettle for tea,tea-gear,published,best-electric-kettle-for-tea,
best tea infusers,tea-gear,published,best-tea-infusers,
sencha vs matcha,green-tea-matcha,published,sencha-vs-matcha,
best chai tea brands,chai-black-tea,published,best-chai-tea-brands,
best teapots for loose leaf,tea-gear,published,best-teapots-for-loose-leaf,
best tea gifts,tea-gear,planned,,
best tea subscription boxes,tea-gear,planned,,
tea for stress and anxiety,tea-wellness,published,tea-for-stress-and-anxiety,
types of tea explained,pillar,covered-by-homepage-pillar,,
how to start a tea collection,brewing,planned,,
